variante;tps_type;tps_1_run_1_iteration;tps_1_run_2_iteration;tps_1_run_3_iteration;tps_1_run_4_iteration;tps_2_run_1_iteration;tps_2_run_2_iteration;tps_2_run_3_iteration;tps_2_run_4_iteration;tps_3_run_1_iteration;tps_3_run_2_iteration;tps_3_run_3_iteration;tps_3_run_4_iteration;tps_4_run_1_iteration;tps_4_run_2_iteration;tps_4_run_3_iteration;tps_4_run_4_iteration
yugabyteDB;mixed;53.25237;54.476008;64.625021;57.047878;51.173769;48.661851;50.070397;50.784582;52.487056;53.760903;50.697796;53.622711;51.091175;51.406818;48.905212;48.877611
Patroni;mixed;66.966;145.712695;140.221185;153.319913;197.442301;197.968934;201.82099;197.385697;172.470233;194.310178;187.895409;162.872285;;;;
Stackgres - Citus;mixed;;;;;;;;;;;;;;;;
yugabyteDB;dql;122.722001;116.869589;143.748434;148.470604;101.13063;103.147815;102.379458;104.198246;106.867588;105.351641;92.992564;96.152416;97.42401;117.697345;114.778293;104.334131
Patroni;dql;210.602133;207.234988;193.376843;201.438675;227.574926;232.501669;231.481974;229.619628;218.963395;211.152893;224.004642;210.118694;;;;
Stackgres - Citus;dql;;;;;;;;;;;;;;;;
